Page,Line,Text
1,1,Page 1 of 1Transcripts - Forever Dreaming
1,2,Thousands of current or popular TV shows and movie transcripts for online research and education.
1,3,https://transcripts.foreverdreaming.org/
1,4,01x02 - The Lorelai's First Day at Chilton
1,5,https://transcripts.foreverdreaming.org/viewtopic.php?t=5019
1,6,01x02 - The Lorelai's First Day at Chilton
1,7,by bunniefuu
1,8,The Lorelai's First Day at Chilton
1,9,Transcribed by Jeannette Haworth
1,10,(Lorelai and Rory are sitting on the couch on the porch in front of the house. Lorelai is painting
1,11,Rory's toenails red. Rory squirts whipped cream into her mouth.)
1,12,Lorelai : (sarcastically) That's nice.
1,13,Rory : Thank you.
1,14,"L : Don't move, please."
1,15,"R : So, Why are you insisting on doing this."
1,16,"L : Well, because you're going to be starting private school tomorrow."
1,17,"R : Yes, but I'm going to be wearing shoes. Nobody's going to see my feet."
1,18,"L : Okay, But everybody knows that private school girls are bad. And bad girls always wear red nail"
1,19,polish.
1,20,(There is a lull in the conversation.)
1,21,L : Are you nervous?
1,22,R : About what?
1,23,L : About starting Chilton.
1,24,R : Well I wasn't until I heard about all those bad girls.
1,25,(They both laugh.)
1,26,"(Lane Kim, Rory's friend runs up.)"
1,27,Lane : You guys! XTC. Apple Venus Volume 2.
1,28,(Lorelai and Lane run into the house.)
1,29,R : But you only finished half my toes!
1,30,L : Who cares?! You're going to be wearing shoes anyway!
1,31,(Rory rolls her eyes and goes into the house.)Posted: 10/24/00 22:21
2,1,(Opening Sequence Starts.)
2,2,(Commer cials)
2,3,(Shows an opening shot of the house.)
2,4,"(Lorelai is sleeping. Rory, dressed in her Chilton clothes, opens the door to her mom's bedroom.)"
2,5,R : Mom!
2,6,L : (gasps) What? God! Hi. (in a whiny tone)
2,7,R : What are you doing?
2,8,L : Having a heart attack.
2,9,R : I thought you were up. It's 7:10!
2,10,L : What?
2,11,R : It's 7:10.
2,12,(Rory grabs her pillow.)
2,13,L : Stop it! It's a quarter to six. (grabs back pillow)
2,14,R : No it's not!
2,15,L : Yes it is! I set the clock for a quarter to six so it's..
2,16,(Rory grabs clock and shows her the time.)
2,17,L : It's 7:10!
2,18,"(Lorelai jumps out of bed and stumbles around, disoriented. Rory slams down clock.)"
2,19,R : I can't be late on my first day of school. Do you know what happens to people when they're late
2,20,on their first day?
2,21,(Lorelai is rummag ing franticly through her dresser for clothes.)
2,22,L : It's shorter?
2,23,R : They're labeled 'The late girl'.
2,24,L : Ohh! So dramatic. Where's the bathroom?
2,25,(Rory takes her by the shoulders and steers her through the door.)
2,26,R : We have to go! What if there's traffic? Mom!
2,27,(Lorelai runs into the bathroom and shuts the door.)
2,28,L : I had this all planned. I was gonna get up early. I was gonna get coffee. I was gonna take a
2,29,shower. I was gonna pick up my clothes from the dry cleaners.
3,1,(Lorelai opens the door.)
3,2,L : (sighs) Oh my god. My clothes.
3,3,R : What?!
3,4,(Lorelai walks down the hall with Rory trailing after her.)
3,5,L : I don't have any clean clothes.
3,6,R : It's 7:15.
3,7,L : All my nice things were dirty.
3,8,R : It's 7:16.
3,9,"(Lorelai look in her closet, then turns away.)"
3,10,L : I was gonna wear my blue suit with the flippy skirt. I look so great in the flippy skirt.
3,11,R : It's 7:17.
3,12,"L : You know what, time lady? Why don't you go downstairs and warm up the car? That would be"
3,13,really super. Thank you.
3,14,R : Just hurry!
3,15,"(Rory goes downstairs, Lorelai rummag es through a drawer.)"
3,16,L : This sucks! This sucks!
3,17,R : It's 7:18 (Rory calls from below.)
3,18,"L : Oh, for the love of god! (sighs) She sits on the bed and puts on socks. This is the last time I ever"
3,19,buy anything just because it's furry. (talking about clock)
3,20,(scene changes)
3,21,"(Lorelai is running down the steps in cowboy boots, really short frayed shorts, and a bright pink"
3,22,tye-dyed tight tee-shirt. She's hurriedly putting her hair into a messy ponytail. Rory is standing at
3,23,the foot of the stairs and looks up.)
3,24,R : It's 7--
3,25,L : Don't even think of finishing that sentence. (sighs) What?!
3,26,R : Nothing. I just didn't know the rodeo was in town.
3,27,"L : All right, that's it. (grabs a picture frame) I'm bringing the baby pictures."
3,28,(Lorelai runs out the door with Rory in pursuit.)
3,29,R : No! I'm sorry! I love the rodeo! The rodeo rules!
3,30,(scene changes)
4,1,"(camera pans through town, finally settling on the jeep, and then the Stars Hollow sign.)"
4,2,L : I am so done with plans. I am never ever making one again. It never works. I spend the day
4,3,obsessing over why it didn't work and what I could've done differently.
4,4,(scene changes)
4,5,"(inside jeep, Lorelai is driving, Rory sitting in passenger seat.)"
4,6,L : I'm analyzing all my shortcomings when all I really need to be doing is vowing to never ever
4,7,"make a plan ever again which I'm doing now. Having, once again, been the innocent victim of my"
4,8,own stupid plans.
4,9,(they go past her old school and Rory looks out at all the kids having fun.)
4,10,"L : God, I need some coffee. (sighs)"
4,11,"(screen shows Jeep driving down several different roads, and then a road sign that says Hartford,"
4,12,14 miles.)
4,13,"(screen switches to show different gargoyles, and then the outside of Chilton.)"
4,14,"(Rory and Lorelai sit in Jeep, peering out at Chilton.)"
4,15,R : I rememb er it being smaller. (she looks worried)
4,16,L : Yeah. And less.. (she looks intimidated)
4,17,R : Off with their heads.
4,18,"L : Ah. (tilts her head, peering up.)"
4,19,"R: (glancing at her mom, does the same.) What are you looking at?"
4,20,L : I'm just trying to see if there's a hunchback up in that bell tower.
4,21,"R : So, how do I look?"
4,22,"L : (sighs, sits back and beams with motherly pride.) You look great."
4,23,R : Really? (skeptical)
4,24,L : Really. You are an amazing kid. You have earned this. You just go in there and show them what
4,25,smart really is. I love you. Call me if  you need me. (reaches for gear)
4,26,"R: (looks worried) You're kidding, right?"
4,27,L : No! Call me if  you need anything. I'm great at making up dirty cheers.
4,28,R : You have to go in with me.
4,29,"L : Rory, come on. (looks at her clothes meaningfully.)"
4,30,R : You have to meet  the headmaster.
4,31,"L : Well, look at me! I can't meet  anyone who does anything in there. I look like that chick from the"
5,1,'Dukes of Hazzard'.
5,2,R : This is my first day. You are not getting out of going in there with me.
5,3,"(Rory and Lorelai get out of the jeep. Two moms walking by stare at Lorelai, who drops her coat."
5,4,They scurry away.)
5,5,L : Good morning!
5,6,"L : (to Rory) Oh, well, we're gonna be best friends."
5,7,(Lorelai puts her coat on as they walk into the Chilton courtyard.)
5,8,"L : So, where do we go."
5,9,"R : (looks at paper in her hand) Uh, the Ambroise building."
5,10,L : Which is?
5,11,"R : The big, scary one."
5,12,L : Oh great! Thanks for the input.
5,13,"(man walking by looks over at them, especially with some interest to Lorelai.)"
5,14,"(they look around, slightly bewildered)"
5,15,Man : lost?
5,16,"L : Oh, yeah. We're looking for the headmaster's office in the Ambroise building."
5,17,"Man : Ah, okay. Well, this is it right here. (he points beside them) Down the stairs, make a left and"
5,18,the headmaster's office is at the end of the hall.
5,19,L : Great. Thank you.
5,20,Man : You're welcome.
5,21,"(Rory grabs Lorelai's arm to go, but the man extends a hand.)"
5,22,"Man : Uh, I'm Ian Jack. My daughter Julia goes to school here. (they shake hands)"
5,23,"L : Hi! I'm Lorelai Gilmore. This is my daughter, Rory. (Rory looks slightly uncomfortable.)"
5,24,"Ian : Your daughter? Really. (surprised) Wow, that's great. Uh  I mean, daughters are a great thing."
5,25,L : We're big fans. (they're flirting)
5,26,"Ian : (laughing) Yeah. So, is your husband here? I'd love to meet him."
5,27,"L : Um, no. I'm not married. I'd love to meet your wife, though."
5,28,Ian : I'm divorced.
5,29,L : Shame.
6,1,R : Excuse me. I really got to..
6,2,"L : (grabs Rory's arm) Right! We gotta go meet the big guy, and I gotta get back to work."
6,3,(they rush off)
6,4,Ian : (calls) Where do you work?
6,5,L : (rushes back) At an inn. The Independence Inn. I run it.
6,6,Ian : Really?
6,7,"L : In a different outfit, of course."
6,8,"Ian : Ha. Well, It was nice to meet  you, Lorelai. Good luck in school, Rory. I'll tell Julia to look out"
6,9,for you.
6,10,"R : Great, thanks."
6,11,Ian : See you.
6,12,"(Lorelai waves a little, smiles, mouths 'bye'.)"
6,13,"L : What a nice, nice man."
6,14,"R : You're feeling pretty good about yourself right now, aren't you."
6,15,L : Yeah (still smiling)
6,16,R : Do you want me to get you a mirror?
6,17,"L : I'm back. Let's go. (smile is gone, they rush off)"
6,18,(scene changes)
6,19,(Lorelai and Rory are walking down the stairs in Chilton. They look around.)
6,20,"L : Oh, good. More big stuff. (sarcastically)"
6,21,R : Turn left.
6,22,L : Oh
6,23,"(Rory and Lorelai walk out of the screen. The camera is on three sour looking girls, staring after"
6,24,"them. They roll their eyes, look expressively at one another, and continue on their way.)"
6,25,(screen changes)
6,26,"(Lorelai and Rory are walking down a hallway, almost to the headmaster's office. They look at their"
6,27,"surroundings with apprehension. They get to the door and stand in front of it, just staring.)"
6,28,L : You ready?
6,29,R : No.
6,30,L : You ready?
7,1,R : Yes.
7,2,"(They open the doors, and step into a room that contains a desk with a strict looking woman"
7,3,wearing library glasses sitting at it. They stop in front of her.)
7,4,L : (clears throat) Um.. Excuse me. (Secretary looks up suddenly. She jumps back slightly.) Oh!
7,5,"How.. Wow. Hi. I.. I'm Lorelai Gilmore. This is my daughter, Lorelai Gilmore. I named her after me. I"
7,6,"was in the hospital all whacked out on Demerol. (glances at Rory, realizes she's rambling.) Never"
7,7,"mind. B-B-But we call her 'Rory'. It's short for Lorelai or even 'Hey, you' depending on the.. (Rory"
7,8,nudges her) Is the headmaster here?
7,9,"Secretary : (gets up, removes her glasses) One moment. (Walks briskly away.)"
7,10,(The Gilmores watch her until she closes the door.)
7,11,"L : (whispering) See, that's what happens when you go to bed with your makeup on."
7,12,"(Rory grins, Lorelai sighs)"
7,13,"(Door opens behind them, Secretary stands there stiffly, as if announcing a guest.)"
7,14,Secretary : Headmaster Charleston will see you now.
7,15,L : (clears throat) Great. Thanks.
7,16,"(They walk into room, secretary shuts door.)"
7,17,"Headmaster : (extending hand) Ms. Gilmore, I'm headmaster Charleston."
7,18,"L : Hi. Wow. It's really nice to meet .. (looks around, looks again at corner, sees her mother on"
7,19,"couch) Mom. Uh, ex.. What are you doing here?"
7,20,Grandmother : (sweeps past Lorelai) I came to wish my granddaughter luck on her first day of
7,21,"school. (Lorelai looks exasperated) Rory, you look wonderful in that uniform!"
7,22,"L : You didn't have to come al l the way out here, Mom."
7,23,Grandmother : This gave me a c hance to make sure that Hanlin here takes good care of Rory.
7,24,L : (gestures to Headmaster) You're Hanlin.
7,25,Headmaster : Hanlin Charleston.
7,26,Grandmother : Hanlin's wife and I are on the symphony fundraising committee together.
7,27,L : Wow. That's great.
7,28,Headmaster : Your father and I are golf rivals. We're still fighting it out to see which one is worse.
7,29,"Grandmother : Oh, yes. We're all old friends."
7,30,"L : Well, there's nothing like friends. Especially if they're old."
7,31,(Everyone looks a tad oddly around at her remark.)
8,1,Headmaster : Would you like to take off your coat and have a seat?
8,2,"L : (looks frightened) Oh, no. No, I'm fine."
8,3,Headmaster : I'm afraid they were a little overzealous with the furnace this morning. It's quite
8,4,warm in here.
8,5,L : I like it warm. (nodding her head like an idiot)
8,6,"Grandmother : Lorelai, take off your coat and sit down. You don't want Hanlin to think you're rude."
8,7,(comman ding tone of voice)
8,8,"L : (looking extremely uncomfortable and embarrassed, takes off coat. Everyone stares,"
8,9,grandmother rolls her eyes. Exhales loudly.) Laundry day.
8,10,"Grandmother : Hanlin, did you know that Rory has a 4.0 grade point average?"
8,11,"L : I'm sure he does, Mom."
8,12,Grandmother : This is a very special girl. You take good care of her.
8,13,"Headmaster : We'll do our best, Emily."
8,14,(everyone sits down)
8,15,"L : Rory's not going to be a problem. She's totally low maintenance. You know, like a Honda. You"
8,16,"know, they're just easy, just.. (Rory looks embarrassed) Nice office."
8,17,"Grandmother : Well, I don't think we should take up anymore of your precious time. It was lovely to"
8,18,see you. Give Bitty our love. (kisses cheeks with headmaster)
8,19,Headmaster : Tell Richard I'll see him at the club Sunday.
8,20,"Grandmother : Have a wonderful day, Rory. I want to hear all about it. Do you need a ride or is your"
8,21,horse parked outside? (to Lorelai) (walks out of room)
8,22,"L : It's so nice to meet  you. (shakes hands with headmaster, kisses Rory's forehead.) Have a great"
8,23,day.
8,24,"Headmaster : Oh, you don't want to forget your coat."
8,25,"L : (turns) Oh no, 'cause that would be embarrassing. (laughs, walks out of office.)"
8,26,(scene changes)
8,27,(Lorelai and Grandmother are walking down the hall.)
8,28,Grandmother : How do you leave the house looking like that? What kind of an impression did you
8,29,think you were gonna make?
8,30,"L : (sighs) What are you doing here, mother?"
8,31,"Grandmother : I told you, I came to put in a good word for Rory."
8,32,L : She didn't need a good word.
9,1,"Grandmother : I'm not allowed here, is that it?"
9,2,L : I didn't say that.
9,3,Grandmother : I'm allowed to pay for it. But I can't actually set foot on the premises. I just want to
9,4,get the rules straight. How about the street. Can I drive down the street? Maybe I should just avoid
9,5,the neighborhood altogether. Although my doctor is right down the block. Maybe I can get special
9,6,permission if I'm bleeding.
9,7,"L : (looking incredibly annoyed, her patience is wearing thin.) I'm sorry. I was just surprised to see"
9,8,you here.
9,9,Grandmother : I thought it was important for this school to know they had a Gilmore amongst
9,10,them.
9,11,L : A very good thought.
9,12,Grandmother : And that some of the Gilmores actually own clothing.
9,13,"L : And on that note, I have to get to work. I'll see you later."
9,14,"Grandmother : Dinner, Friday night. No spurs, please."
9,15,"(Lorelai walks away, thrusts out her arms in annoyance.)"
9,16,(Commer cials)
9,17,(Shows opening shot of the outside of Chilton.)
9,18,(Headmaster and Rory are sitting in his office.)
9,19,"Headmaster : You're obviously a bright girl, Miss. Gilmore."
9,20,Rory : Thank you.
9,21,"Headmaster : Good grades. Teachers like you. Not a lot of social activities, though."
9,22,"Rory : Oh, well, just living at Stars Hollow is kind of a social activity, actually."
9,23,Headmaster : Nothing in your school appealed to you?
9,24,Rory : I work at my mother's inn after school sometimes. And I was in the German Club for a while.
9,25,"But there were only three of us. Then two left after seeing ""Schindler's List""."
9,26,Headmaster : What are your aspirations?
9,27,Rory : I want to go to Harvard to study Journalism and Political Science.
9,28,Headmaster : On your way to being 
9,29,Rory : Christiane Amanpour.
9,30,Headmaster : Really?
9,31,Rory : Yes.
10,1,Headmaster : Not Cokie Roberts?
10,2,Rory : No.
10,3,"Headmaster : Not Oprah, Rosie, or one of the women from 'The View'?"
10,4,Rory : No.
10,5,Headmaster : Why do you wish to be Christiane Amanpour?
10,6,"Rory : I don't wish to be her, exactly. I just want to do what she does."
10,7,Headmaster : Which is?
10,8,"Rory : Travel, see the world up close, report on what's really going on, and to be part of something"
10,9,big.
10,10,Headmaster : And to be a part of something big you have to be on TV? Why not lead the police on a
10,11,"high speed chase, it's a quicker way to achieve this goal."
10,12,Rory : Being on TV has nothing to do with it. Maybe I'll be a Journalist and write books or articles
10,13,about what I see. I just want to be sure that I see something. (Headmaster looks at papers.) You'll
10,14,notice the debating teams also missing from my resume.
10,15,Headmaster : (nods and stands up) I've known your Grandparents for quite some time.
10,16,Rory : I know.
10,17,"Headmaster : In fact, I was at a party at their house just last week where I had the most delicious"
10,18,lobster puffs I've ever eaten. I'm very fond of them.
10,19,Rory : That's nice.
10,20,(Headmaster sits down across from her.)
10,21,"Headmaster : None of this, however, will be of any benefit to you. Chilton has one of the highest"
10,22,"academic standards of any school in America. You may have been the smartest girl at Stars Hollow,"
10,23,"but this is a different place. The pressures are greater, the rules are stricter, and the expectations"
10,24,"are high. If you make it through, you will have received one of the finest educations one can get."
10,25,"And there should be no reason why you should not achieve all your goals. However, since you are"
10,26,"starting late, and are not used to this highly competitive atmosphere, there is a good chance that"
10,27,you will fail. That is fine. Failure is a part of life. But not a part of Chilton. Understand?
10,28,"R : (looking more and more unsure of herself.) So, you liked the lobster puffs, huh."
10,29,Headmaster : Take this to Miss. James in the administration office across the hall.
10,30,"(he hands her the folder, she takes it and leaves the room, he puts on his glasses.)"
10,31,(scene changes)
10,32,"(Rory walks into the administration office, she goes up to the desk and puts down the folder.)"
10,33,"R : Hi, I'm looking for Miss James?"
10,34,Miss James : Name?
11,1,R : Lorelai Gilmore. But I go by Rory.
11,2,"Miss James : Fill this out, please."
11,3,(Miss James takes the folder and gives Rory a sheet and a pencil. Miss James puts down the folder
11,4,on a desk to the side. The girl at the desk looks around and stealthily takes the folder and gives it
11,5,to somebody out the window.)
11,6,(scene changes)
11,7,"(It is in the bushes, outside the window. There are three girls there, the same ones that stared at"
11,8,Rory on the stairs.)
11,9,Girl 1 : Well?
11,10,Girl 2 : Shut up.
11,11,Girl 3 : Hurry. Please. Spiders.
11,12,Girl 2 : Lorelai Gilmore.
11,13,Girl 1 : Nice stripper name.
11,14,Girl 2 : Formerly of Stars Hollow High School.
11,15,Girl 1 : Where's that?
11,16,"Girl 2 : Make a left at the haystacks and follow the cows. Perfect attendance, 4.0 grade point"
11,17,average.
11,18,"Girl 3 : Bugs, dirt, twigs."
11,19,Girl 2 : She's a Journalism majo r.
11,20,Girl 1 : That means she's going out for the school paper.
11,21,Girl 2 : Not necessarily. She's got a thousand recommendations in here. Popular with the adults.
11,22,Girl 1 : And going out for the school paper.
11,23,Girl 2 : You don't know she's going out for the paper. She'll never catch up. She's a month behind.
11,24,Girl 1 : You can tutor her. Be like a big sister.
11,25,Girl 2 : You're funny.
11,26,"Girl 3 : Okay, lizard, goodbye."
11,27,Girl 2 : Why are they letting all these extra people in? They just take up space and screw up the
11,28,curve. We don't need any new kids here.
11,29,Girl 1 : Too late.
11,30,"(Girl 2 says psst out the window, someone takes the folder.)"
12,1,(scene changes)
12,2,"(back in the office, Miss James is giving stuff to Rory.)"
12,3,"Miss James : Here's your locker number, here's your schedule. Here's the rules of the school and the"
12,4,"Chilton code of honor. Here are the words to the school song, which must be recited upon demand."
12,5,"This an happen anytime, anyplace. If you do it in Latin you get extra credit. Do you have any"
12,6,questions?
12,7,"R : Uh, not at the moment."
12,8,"Miss James : If you do, you can make an appointment with your guidance counselor, Mr. Winters. He"
12,9,"handles everything but Bulimia and pregnancy. For that, you have to go to the nurse, or Coach"
12,10,Rubens. Welcome to Chilton.
12,11,(scene changes)
12,12,(Lorelai is walking down the road by Luke's diner with her dry cleaning. She goes into the door and
12,13,"passes a man on his way out, smiling at him.)"
12,14,L : (sighs) I already had the longest day of my life and it's only ten o'clock.
12,15,Luke : (fixing what looks like a toaster) There's no coffee.
12,16,L : That's not funny.
12,17,Luke : I can give you herbal tea.
12,18,L : This is not an herbal tea morning. This is a coffee morning.
12,19,Luke : Every morning for you is a coffee morning.
12,20,L : This is a jumbo coffee morning. I need coffee in an IV.
12,21,Luke : I can give you tea and a balance bar.
12,22,"L : Please, please, please tell me you're kidding."
12,23,Luke : I'm kidding. (goes back and gets the coffee pot.)
12,24,L : You're sick.
12,25,Luke : Yep.
12,26,L : You're a fiend!
12,27,Luke : For here or to go.
12,28,L : To go please.
12,29,Luke : You want to know what this stuff does to your nervous system?
12,30,L : Do you have a chart? Because I love charts.
12,31,Luke : Maybe next time. What happened this morning that was so awful.
13,1,L : Rory started Chilton.
13,2,Luke : Really?
13,3,L : Yeah. (sees him looking at her strangely) What?
13,4,Luke : That's how you dressed to take Rory to Chilton? That's a fancy school.
13,5,L : My clothes were at the cleaners. I had the fuzzy clock and it didn't purr on time.
13,6,Luke : It didn't purr?
13,7,"L : It's fuzzy. It purrs. Never mind. I gotta go. I had a plan, damn it."
13,8,Luke : Me too. Next time you're getting tea.
13,9,(Lorelai st*lks out of the diner. Luke pulls what looks like a chicken bone out of the toaster.)
13,10,(scene changes)
13,11,(Miss Patty is standing next to the street and lots of little girls in pink outfits are twirling batons.)
13,12,"Miss Patty : Visualize, Ladies. It's thanksgiving day parade. You're standing on fifth avenue. There's"
13,13,100 beautiful boys marching in place behind you. And there you are. You are out in front with your
13,14,"fabulous legs and your perfect tush. Your baton is on fire and the crowd goes nuts! Okay, cookie"
13,15,"time. (looks around and sees Lorelai walking down the street) Lorelai, hi."
13,16,"L : Hi, Patty."
13,17,Miss Patty : Isn't today Rory's first day at Chilton?
13,18,"L : Oh, yeah, she's there now. I just got through dropping her off."
13,19,Miss Patty : Is that what you wore?
13,20,"L : Oh, look at the time. See you, Patty."
13,21,Miss Patty : Bye.
13,22,(Lorelai walks around the jeep and gets in. Miss Patty walks back into the studio.)
13,23,"Miss Patty : Ladies, what do I see. Naked girls. No, no, keep those leotards on. This is not Brazil."
13,24,(scene changes)
13,25,(Jeep is pulling up to the Gilmore house. Lorelai gets out of the car somewhat uncoordinated with
13,26,"her coffee and her dry cleaning, dropping clothes everywhere. She staggers up to the house and"
13,27,"goes in. The phone is ringing, she struggles to find the cordless. Finally finding it in a heap of junk"
13,28,and falling back down onto the couch.)
13,29,L : Hello?
13,30,Grandmother : Lorelai?
13,31,L : Mom?
14,1,Grandmother : I'm going shopping this afternoon and I'd thought I'd pick up a few things for Rory.
14,2,L : Like what?
14,3,Grandmother : A couple of extra skirts and tops for school.
14,4,"L : Ok, I already took care of that Mom. I got her two skirts and a bunch of tops."
14,5,Grandmother : But there a five days in a school week.
14,6,L : Are you sure? My days of the week underwear only go till Thursday. (is struggling to pull cowboy
14,7,boots off.)
14,8,Grandmother : Is that a joke?
14,9,L : Two skirts are fine. Don't bother.
14,10,Grandmother : What if she gets one dirty?
14,11,"L : Well, then, she'll wear the other one."
14,12,Grandmother : What if she gets them both dirty?
14,13,L : We'll use this newfangled thing called a washing machine. The town just chipped in and bought
14,14,one. My turn's Tuesday.
14,15,Grandmother : What about socks? Chilton has these special logo socks. Rory should have them. And
14,16,what about the school sweater. She might want that. And there's a sweater vest and a bookbag.
14,17,L : Are you getting a cut of the merchandise?
14,18,Grandmother : Rory should have these things. She'll be the only one who doesn't.
14,19,L : She'll have them.
14,20,Grandmother : I'm at least getting her the Chilton coat. Is she a size 6?
14,21,"L : Mom, please."
14,22,"Grandmother : This is a simple question, Lorelai."
14,23,"L : She's a six, but I'd get a size eight in case she grows."
14,24,"Grandmother : If she grows, I'll buy another."
14,25,"L : Ok, well then, a six is great. I gotta go, Mom. Bye."
14,26,(scene changes)
14,27,"(there is a classroom, with a teacher pacing in front lecturing)"
14,28,"Teacher : And while French culture was the dominant outside cultural influence, especially for"
14,29,"Russia's monied class, English culture also had it's impact. Tolstoy's favorite author, for instance,"
14,30,was..
14,31,Girl 2 : (raises her hand briefly) Dickens.
15,1,"Teacher : Yes, and last week we discovered Dostoevski's main authorial influences."
15,2,Girl 2 : (raises her hand again) George Sand and Balzac. (Rory looks at her slightly apprehensively.)
15,3,"Teacher : Good. As Tolstoy commen ced writing both ""w*r and Peace"" and ""Anna Karenina"", Count"
15,4,Leo would turn to..
15,5,"Girl 2 : ""David Copperfield"""
15,6,"Teacher : Correct. He would turn to ""David Copperfield"" for inspiration."
15,7,(door opens and cute guy walks in)
15,8,"Teacher : Ah, Mr. Dugray."
15,9,Guy : Sir. (hands teacher note)
15,10,Teacher : Nice to have you back. I hope your Grandfather's feeling better.
15,11,"Guy : Much better, sir."
15,12,Teacher : Good. Take your seat please.
15,13,"(guy walks over to his seat, leering openly at Rory, making her uncomfortable)"
15,14,"Teacher : ""Great Expectations"", ""A Tale of Two Cities"", ""Little Dorrit"", all major influences on Leo"
15,15,Tolstoy.
15,16,(guy leans forward to talk to his friend in the seat in front of him)
15,17,Guy 1 : Who's that?
15,18,Guy 2 : New girl.
15,19,"Teachers :  of these two literary masters, Tolstoy and Dickens. (bell rings) Class dismissed."
15,20,"(Girls 1, 2, and 3 are all looking over at Rory's notes and her with disdain, Rory tries to smile at"
15,21,them)
15,22,Guy 1 : Looks like we got ourselves a Mary. (looking at Rory)
15,23,"Teacher : Miss, uh, Gilmore, could you come up here please? (she goes up to him) This is last week's"
15,24,study material. (he hands her a huge binder crammed full of papers) There'll be a test on them
15,25,"tomorrow. But since you're new, you can take a makeup test on Monday. Will that be sufficient"
15,26,time?
15,27,"R : Monday? Sure, that's fine. (looking overwhelmed)"
15,28,Teacher : That's just an overview. You'll find it very helpful to you to borrow one of the other
15,29,student's personal notes. They tend to be more detailed.
15,30,R : More detailed than this?
15,31,"Teacher : It seems daunting right now, I know."
16,1,"R : No, no. It's okay. I'll be fine. (moves to leave the room)"
16,2,Teacher : Rememb er to get those notes. They'll be a lifesaver.
16,3,(scene changes)
16,4,(Rory is coming out of the room and almost walks into Girl 2)
16,5,Girl 2 : I'm Paris.
16,6,R : I didn't see you there. Where'd you come from.
16,7,"Paris : I know who you are, too. Lorelai Gilmore from Stars Hollow."
16,8,R : You can call me Rory.
16,9,Paris : Are you going out for the 'Franklin'?
16,10,R : The what?
16,11,"Paris : Nice innocent act. At least I know you're not going out for drama club. The Franklin, the"
16,12,"school paper, are you going out for it?"
16,13,R : I have to find my locker first.
16,14,Paris : I'm gonna be editor next year.
16,15,"R : Well, good for you. (tries to move away, but Paris steps in front of her)"
16,16,"Paris : I'm also the top of the class, and I intend to be valedictorian when I graduate."
16,17,R : Okay. I'm going now.
16,18,Paris : You'll never catch up. You'll never beat me. This school is my domain and the Franklin is my
16,19,domain. And don't you ever forget that. (she walks off)
16,20,"R : (looks after her strangely) I guess you're not going to let me borrow your notes, huh. (continues"
16,21,down hallway)
16,22,(Commer cials)
16,23,(opening scene of the outside of the Independence Inn. Switches to kitchen where Sookie is
16,24,smelling peaches with Fruit Man looking on)
16,25,Sookie : They're smaller than the last batch.
16,26,"Fruit Man : No, they're not."
16,27,Sookie : Smaller means watery. No good peach taste.
16,28,"Fruit Man : No, there's plenty of peach taste being as they're, you know, peaches."
16,29,Sookie : What about the ones on the bottom.
17,1,"Fruit Man : Oh, great. Be sure to check them all. (sarcastically) That's it. Give every last one of"
17,2,them a nice good squeeze. You wouldn't actually want to leave me one that I could sell to
17,3,"somebody else. Wait a minute, you missed one. I'm not going to tell you which one it is. I'm just"
17,4,"going to let your impeccably good radar  (she picks up peach) There it is, you got it. (throws up"
17,5,hands)
17,6,(Lorelai walks into kitchen)
17,7,"L : Okay, I look great, right?"
17,8,Sookie : Yes.
17,9,L : This is how I was supposed to look. Good morning Jackson (Fruit Man).
17,10,Sookie : This was Rory's first day.
17,11,"L : I was supposed to look fabulous, and not like I'd been up all night playing quarters."
17,12,Sookie : Nobody cares how you looked.
17,13,L : Everybody cared.
17,14,Sookie : Who?
17,15,"L : The other moms, the Headmaster, my mom, Luke, Miss Patty, the new fire chief with the tiny"
17,16,head.
17,17,Sookie : (holds out a peach) Taste this.
17,18,L : (bites peach) A little watery.
17,19,"Jackson : Oh! Now, you planned this!"
17,20,Sookie : Did you say something about your mother?
17,21,"L : I walked into the headmaster's office, and there she was."
17,22,Sookie : Really? Why?
17,23,L : Because she knew I'd wake up late and humiliate myself.
17,24,"Sookie : Wow, she's good."
17,25,L : She's the best.
17,26,(Sookie takes peach and rolls it along the floor.)
17,27,"Jackson : Oh, I would love to know what you're doing."
17,28,"Sookie : They're rolling differently, too. Because of the extra water."
17,29,Jackson : Makes perfect sense.
17,30,"Sookie : I would ignore those women, cause the only thing that matters is that Rory got into that"
17,31,great school.
18,1,L : She looked so amazing in her uniform. She was so excited. I just admire her so much jumping
18,2,into a new school. She's my hero.
18,3,Sookie : Mine too!
18,4,"Jackson : Oh, yeah. Sign me up. Sookie, the peaches, please. (exasperated)"
18,5,(Michel walks in)
18,6,"Michel : (French accent) Excuse me. There's a phone call for you. If I'm to fetch you like a dog, I'd"
18,7,like a cookie and a raise.
18,8,"L : Thanks for the peach. (hands the peach to Jackson, Sookie takes the peach, Lorelai walks out)"
18,9,(scene changes)
18,10,"(parlor at Inn, old women are looking at book and walking by, Lorelai walks by them with Michel"
18,11,trailing)
18,12,Woman 1 : This would be absolutely wonderful. There are supposed to be darling shops all up and
18,13,"down this street. Oh, excuse me sir (to Michel). Can you tell me where we'd find the best antiques?"
18,14,"Michel : At your house, I'd guess. (walks off, women are dismayed)"
18,15,"L : Mom, did I give you this number? Because I don't remember giving you this number. Yeah, well, I"
18,16,"must be losing my mind. What can I, uh, sorry Mom, can you hold on one second? Um, Drella, can"
18,17,"you take it down just a notch? (Drella is the harp player, and is playing very loud, she ignores"
18,18,"Lorelai) Thanks. Okay, I'm back."
18,19,Grandmother : I wanted you to known that I just bought a parking space for Rory at Chilton.
18,20,L : You what?
18,21,Grandmother : They are very hard to come by. But I pulled a few strings and it's all hers.
18,22,"L : Mom, Rory doesn't have a car."
18,23,"Grandmother : No, but she's got a birthday coming up soon."
18,24,(Drella is still playing loudly and Lorelai can't hear)
18,25,"L : Okay, hold on a second. Um, Drella. Drella! A little softer please."
18,26,"Drella : Hey, do I look like I got Panasonic stamped on my ass?"
18,27,"L : Mom, you are not buying Rory a car."
18,28,"Grandmother : Why not? She's a smart girl, she's responsible."
18,29,L : She doesn't need one.
18,30,Grandmother : She has to have a way to get around. To get to school.
18,31,L : She'll be taking the bus.
18,32,Grandmother : I hate that she's taking the bus. Drug dealers take the bus.
19,1,"L : You know what, Mom? I gotta go."
19,2,Grandmother : Fine. We'll discuss this at a later date.
19,3,L : Okay. Bye.
19,4,(Drella plays much softer now that Lorelai is off the phone.)
19,5,(scene changes)
19,6,(Rory is walking down a Chilton hallway and Guy 1 comes up behind her.)
19,7,"Guy 1 : Hey, Mary."
19,8,R : Me?
19,9,"Guy 1 : Yeah, you."
19,10,R : My name is  Rory.
19,11,Guy 1 : I'm Tristin.
19,12,R : Hi.
19,13,Tristin : So you new?
19,14,"R : Yeah, first day."
19,15,Tristin : Remmy's class is rough.
19,16,"R : Yeah, it seemed very intense."
19,17,"Tristin : I could loan you my notes, if that would help."
19,18,R : Really? That's be great.
19,19,"Tristin : Yeah? How great? (he's walking forward, pushing her up against the wall)"
19,20,R : I don't know. Mr. Remmy said that getting someone's notes would be..
19,21,Tristin : I could even help you study. If you want.
19,22,"R : Uh, I kind of view studying as a solitary activity. But thanks."
19,23,Tristin : Bye Mary. (he walks off)
19,24,R : It's Rory.
19,25,(scene changes)
19,26,"(it's the parlor again, with Drella playing harp and people listening to her. Lorelai is talking to a"
19,27,man and a teenage guy)
19,28,L : I completely understand.
20,1,"Man : Oh, do you. Because this is a brand-new car. (the boy tries to say something) He brings the"
20,2,car up and it's scratched!
20,3,Boy : I just backed the car up.
20,4,Man : I'd know if my car was scratched before I parked it or not.
20,5,"L : Let's calm down. Sir, why don't I have your car looked at tomorrow. I'm sure we can find a way to"
20,6,"resolve this. In the meantime I would love for you to have lunch here, on me. Dessert is a must."
20,7,Anything with our homemad e ice cream is delicious. Life as you know it will never be the same.
20,8,What do you say?
20,9,Man : I think I will. Thank you.
20,10,L : Thank you. (man walks off)
20,11,"Boy : Lorelai, I swear, I didn't scratch his car. If you thought I was unreliable or a bad driver.."
20,12,L : Derek. It's okay.
20,13,Boy : 'Cause I can drive.
20,14,"L : Oh, sweetie. I am sure you can. We'll just take it over to Musky's tomorrow and have the guys"
20,15,"look at it. I'm sure they can buff it out for nothing, okay?"
20,16,Boy : Okay. That's a real nice outfit you're wearing today.
20,17,"L : Thank you, Derek."
20,18,"(Derek walks off, Michel walks up)"
20,19,"Michel : Your faithful pooch is here to say ""Someone needs to talk with you""."
20,20,"L : It's not my mother, is it?"
20,21,Michel : It's possible.
20,22,"(Lorelai looks around him, standing at the counter is Ian Jack, from Chilton)"
20,23,L : It's possible?
20,24,Michel : There's a resemblance. (walks off)
20,25,L : Hi.
20,26,Ian : Hi. Is this a bad time?
20,27,"L : No, not at all. What are you doing here?"
20,28,"Ian : Well, I had to meet  an associate for lunch, and he was coming up from New York so I thought,"
20,29,"""Why not meet  him in a beautiful inn?"""
20,30,L : Good. Enjoy your lunch.
20,31,Ian : Thanks. I will. I was also wondering if maybe I could take you out to dinner sometime.
21,1,"L : We're a little food-obsessed, aren't we?"
21,2,Ian : It's the company more than the food that interests me.
21,3,L : I'm flattered.
21,4,Ian : Is that a yes?
21,5,L : That's a  You're a dad.
21,6,Ian : And you're a mom. Although I'm still finding that really hard to believe.
21,7,"L : No, I mean, you're a Chilton dad."
21,8,"Ian : Ooh, that sounds bad."
21,9,"L : Not bad. Just tricky. You know, Rory just started there, and I think I should let her fall in with"
21,10,the bad crowd before I start hooking up with the P.T.A.
21,11,"Ian: Well, I'm not on the P.T.A."
21,12,"L : See? There you go, I can't date anyone not on the P.T.A."
21,13,Ian : It's just a casual dinner.
21,14,L : Sorry. (she walks around the counter)
21,15,"Ian : Okay, I'll tell you what. I'm going to China for a week on business. When I get back I'm going to"
21,16,try again
21,17,L : China. Wow.
21,18,Ian : Impressed?
21,19,"L : No. Rome, I'd be impressed. China I'm just ""China, wow"""
21,20,"Ian : (laughs, picks up a card from the desk, puts it in his suit) Lorelai Gilmore, General Manager, I'll"
21,21,talk to you soon.
21,22,L : Have a safe trip.
21,23,Ian : I will. (walks off)
21,24,L : (walking him walk off) He does that so well.
21,25,Michel : You are making me sick.
21,26,"L : Aw, now, honey. You try it, I'll watch you walk away too."
21,27,Michel : Stop it.
21,28,"L : Go on now, walk. It can't be that bad."
21,29,"Michel : Go away. (he walks off, she follows)"
21,30,L : No. You have to do it with a little more attitude. Make me think you mean it! (she walks off)
22,1,"(people are listening to Drella play the harp, she suddenly stops)"
22,2,"Drella : That's lunch. (walks off, people look around surprised)"
22,3,(scene changes)
22,4,"(Rory is in Chilton, finds her locker, tries to open it, It's stuck, she pulls really hard and it opens,"
22,5,she stumble backward right into Paris who was holding a really big project of a intricate castle and
22,6,dropped in when she got bumped into. The project broke into a million pieces)
22,7,"R : Oh no! I am so sorry. Paris, please. I am so sorry. It was an accident. My locker, it just slipped. I"
22,8,pulled too hard.. I didn't mean to.. Is there water in that moat?
22,9,Paris : Get away from me!  (she st*lks off into a classroom)
22,10,"(Rory picks up her books and puts them in her locker, and then taps a boy walking by)"
22,11,"R : Excuse me, I need Mrs. Ness, History?"
22,12,Boy : It's behind you. (points to the classroom Paris walked into and leaves)
22,13,R : Of course it is. (slams locker and walks into classroom)
22,14,"Paris : (sees Rory) Oh, you've got to be kidding me."
22,15,"(Rory sits down in a seat, Tristin sits right near her.)"
22,16,"Tristin : Hey, Mary."
22,17,"Teacher : Ok, We left our projects off on Friday with Mr. Gaynor. So today we will pick up with Miss"
22,18,Geller.
22,19,Paris : (stands up) I don't have my project.
22,20,Teacher : Miss Geller.. Did you have sufficient time to complete your project?
22,21,Paris : Yes
22,22,Teacher : And yet you don't have it done?
22,23,Paris : No
22,24,Teacher : You will receive an incomplete on the project.
22,25,R : (stands up) It's my fault.
22,26,Teacher : Who are you?
22,27,R : Rory Gilmore. I wrecked her project.
22,28,Paris : Shut up.
22,29,Teacher : I don't have a Rory Gilmore. I have a Lorelai Gilmore.
22,30,R : That's me.
23,1,Teacher : You are Rory and Lorelai Gilmore?
23,2,R : Yes. And I wrecked her project. My locked got stuck.
23,3,Paris : Just stay out of this.
23,4,Teacher : Do you go by Rory or Lorelai.
23,5,R : Whatever. It's not her fault.
23,6,Teacher : I need you to pick one.
23,7,R : One what.
23,8,Teacher : One name.
23,9,R : Rory.
23,10,"Teacher : Thank you. Rory, you wrecked Paris' project when?"
23,11,R : Just before class.
23,12,Teacher : Very convenient.
23,13,"R : No, I did. My locked got stuck "
23,14,Paris : Stop it!
23,15,"Teacher : Miss Gilmore, since you say you wrecked Miss Geller's project, then you may help her fix"
23,16,it. You have until tomorrow.
23,17,R : Fine.
23,18,Paris : No. I don't want your help!
23,19,R : But I don't mind doing it.
23,20,Paris : Just stay out of this.
23,21,R : I'm trying to help you.
23,22,Paris : Well don't!
23,23,"Teacher : Ladies, enough. Miss Geller, if you don't want Miss Gilmore's help you may have until"
23,24,"tomorrow. If it's not done, you will receive an incomplete. Is that understood?"
23,25,Paris : Yes. (sits down)
23,26,"Teacher : As long as you're standing, Class, we have a new student. Say hello to Rory Gilmore."
23,27,"Class : Hi, Rory."
23,28,Tristin : Hello Mary.
23,29,(Rory sits down)
24,1,(Commer cials)
24,2,"(opening scene is the Welcome to Stars Hollow sign, Population 9,973. Scene shifts to Miss Patty"
24,3,"next to the street and the girls in the studio, walking with books on their heads.)"
24,4,"Miss Patty : Walk smooth. That's the new Harry Potter on your heads. If they should drop, Harry will"
24,5,"die, and there won't be anymore books. (sees Lorelai walking by) Now that's how you should've"
24,6,"dressed this morning, Missy."
24,7,"(Lorelai ignores her, scene shifts to Lorelai walking into Luke's diner. Luke is walking near the"
24,8,entrance and he has to squeeze by her to get through.)
24,9,Luke : What are you doing here?
24,10,"L : See, now that's why you were voted Mr. Personality of the New Millennium. Where's your crown?"
24,11,Luke : I just mean you don't usually come it at this time.
24,12,L : I have to pick up Rory from school. (Luke pours her coffee without any argument) Thank you.
24,13,Luke : You're welcome.
24,14,L : No lectures?
24,15,Luke : My blood sugar's low. I'll eat an apple and get back to you.
24,16,"L : God, this has been one hectic, bizarro day for me."
24,17,Luke : Yeah?
24,18,"L : Yeah. This morning with the being late. And my mother with her existing. Oh, and this father."
24,19,This father from Ch ilton. He drove all the way from Hartford just to ask me out.
24,20,Luke : Really? Are you going? (trying to appear like he doesn't care)
24,21,L : No. He's got a kid in school with Rory. The whole thing just seemed a little weird.
24,22,Luke : Good.
24,23,L : Good?
24,24,"Luke : Yeah, I think it's good that you turned him down."
24,25,L : Okay.
24,26,"Luke : I mean, he's probably old, right?"
24,27,L : Old?
24,28,"Luke : I mean, he's got a kid in high school."
24,29,"L : Well, so do I."
24,30,"Luke : Yeah, but you were young when you had Rory. Most people aren't that young. Most people"
24,31,are..
25,1,L : Old.
25,2,Luke : Yeah.
25,3,L : Like this guy who asked me out.
25,4,Luke : But you're not going.
25,5,"L : No. No, I'm not going."
25,6,"(she kind of smiles a bit, thinks he likes her, her cell phone rings, he points to the sign that says no"
25,7,cell phones)
25,8,"L : Oh, that's me. Hi Babette. What? Okay. No. No, I'll be right there. Thanks. (hangs up) Uh, I have"
25,9,to go. (pulls out wallet)
25,10,Luke : Keep it. I gave you decaf.
25,11,(she frowns and walks out the door)
25,12,(scene changes)
25,13,(A man and a woman holding a cat are sitting in their yard. They live right next to the Gilmores.
25,14,Lorelai's jeep pulls up and she gets out)
25,15,L : Hey.
25,16,"Babette : Oh, Lorelai, I'm so sorry I had to call you like this."
25,17,"L : That's okay, Babette. I appreciate it."
25,18,"Babette : All of a sudden, they pull up, get out of the truck, and start sniffing around. It's very"
25,19,strange.
25,20,L : Let me go talk to them.
25,21,"(Lorelai pets cat, Man gets up and stands next to Babette)"
25,22,Man : Tell her about the gnome.
25,23,Babette : They kicked a gnome.
25,24,L : What?
25,25,Babette : Right in the head.
25,26,Man : That's just not cool.
25,27,L : I'm very sorry. Is the gnome okay?
25,28,"Babette: He's fine, sugar. But I wouldn't trust these boys. Gnome kicking says a lot about a man's"
25,29,character.
25,30,"L : Yes, well, I'm gonna go take care of this. Thanks."
26,1,"(she walks over to her house, men are on the porch, she goes up the steps to talk to them)"
26,2,"L : Hey. Um, what are you doing?"
26,3,Man 1 : You live here?
26,4,L : Yeah.
26,5,Man 1 : I'm supposed to install a DSL for a Lorelai Gilmore. Is that you?
26,6,"L : Yes, but.."
26,7,Man 1 : I'm Mick.
26,8,L : Nice to meet  you. Could you get off my porch?
26,9,"Mick: I was told that you wouldn't be here, but to look for a ceramic frog with a key inside. We"
26,10,can't find the frog.
26,11,L : I didn't order a DSL.
26,12,"Mick : The order was placed by an -- Emily Gilmore (grandmother). We would've been done by now,"
26,13,but the frog search put us way behind.
26,14,"Man 2 : Hey, Mick, found it."
26,15,Mick : You found the frog?
26,16,"Man 2 : It wasn't a frog, it was a turtle."
26,17,Mick : It says here it's a frog.
26,18,L : Turtle.
26,19,Mick : Really?
26,20,L : Trust me. I'm going to have to cancel that DSL order.
26,21,Mick : You sure? It's already paid for.
26,22,"L : Yeah, I know. We don't need a DSL, so thanks for coming, and you guys can just go."
26,23,"(the guys leave, Lorelai walks over to the jeep)"
26,24,Babette : Is there a problem?
26,25,"L : Oh, nothing Shakespeare couldn't turn into a really good play."
26,26,(Lorelai gets into jeep)
26,27,(scene changes)
26,28,"(camera is on a piece of paper that says ""Paris -- I am so sorry. Please let me help you."" In Rory's"
26,29,handwriting )
26,30,"Teacher : The Romanists have, with great adroitness, drawn three walls around themselves, with"
27,1,"which they have hitherto protected themselves so that no one could reform them, whereby"
27,2,Christians has fallen terribly. Who said this?
27,3,"(Rory gave the note to Paris, who immed iately crumpled it up and threw it on the floor)"
27,4,R : (sees Paris about to give the answer) Martin Luther.
27,5,"Teacher : Very good, Miss Gilmore. And what year does Martin Luther address the Christian nobility?"
27,6,R : (again sees Paris lean forward) 1520.
27,7,"Teacher : Very good, Miss Gilmore. Until next time, class."
27,8,(Paris goes up to Rory's desk)
27,9,Paris : Stay out of my way. I will make this school a living hell for you. (Rory swallows
27,10,apprehensively.)
27,11,"Tristin : See you tomorrow, Mary."
27,12,Rory : The name is  Rory.
27,13,(scene changes)
27,14,"(camera shows a street corner, then switches to the inside of a salon where Lorelai appears to be"
27,15,searching for somebody.)
27,16,Stylist : Can I help you?!
27,17,"L : (brushes past her) God, I wish. (knocks on her mother's hairdryer)"
27,18,Grandmother : What on earth..?
27,19,L : You're not buying us a DSL.
27,20,"Grandmother : Lorelai, this is hardly the place."
27,21,"L : I canceled the order, and it's not happening."
27,22,Grandmother : But Rory needs the Internet for her school.
27,23,L : We have the Internet.
27,24,Grandmother : This is faster.
27,25,"L : Well, we like our internet slow, okay? We can turn it on, walk around, dance, make a sandwich."
27,26,"With DSL, there's no dancing, no walking, and we'd starve. It'd be all work and no play. Have you"
27,27,"not seen ""The Shining"", Mom?"
27,28,Grandmother : What on earth are you talking about?
27,29,"L : Also, there will be no cars, no parking spaces. And all the uniforms will be supplied by me. The"
27,30,mother. That's final. There will be no discussion.
27,31,"Grandmother : You're being stubborn, as usual."
28,1,"L : No, Mom, I'm not being stubborn. I'm being me! The same person who always needed to work"
28,2,out her own problems and take care of herself. Because that's the way I was born. That's how I am!
28,3,"Grandmother : Florence, I'm dripping."
28,4,"L : I appreciate what you have done for Rory in paying for this school, That will not be forgotten."
28,5,"You won't let it. But she is my daughter. And I decide how we live, not you. Now then, do they"
28,6,validate parking here?
28,7,Grandmother : There's a stamp at the desk.
28,8,L : Thank you.
28,9,(Emily looks embarrassed and dismayed. Lorelai walks out.)
28,10,(scene changes)
28,11,(It's the outside of Chilton. Lorelai is drinking coffee and waiting for Rory to come out. Rory
28,12,emerges.)
28,13,"L : Mm. Hey, you."
28,14,"R : (drops backpack and hugs Lorelai) So, this whole plaid-skirt thing  My idea?"
28,15,L : My day sucked too.
28,16,R : Promise?
28,17,L : I swear on my mother's life.
28,18,R : Not yet. (doesn't want to stop hugging.)
28,19,"L : Still hugging, still hugging. (smooch) So, I brought us some coffee."
28,20,"R : Why, I'm shocked."
28,21,"L : Triple caps, easy foam. If that doesn't work, we'll stick our fingers in a light socket. (laughs,"
28,22,"picks up backpack) Come here. (staggers under weight) What, do they expect you to get smart all"
28,23,in one day?
28,24,"R : Oh, they expect a lot of things."
28,25,L : So tell me.
28,26,"R : I don't know. It was just one big, long, scary, tweedy, bad eight hours."
28,27,"L : Add some hair spray, and you got my day."
28,28,R : One of the girls already hates me. The guys are weird.
28,29,L : Weirder than other guys?
28,30,"R : Yeah, they kept calling me M ary."
28,31,"L : You're kidding me. Wow, I can't believe they still say that."
29,1,R : Why? What does it mean?
29,2,"L : It means like, Virgin Mary. It means they think you look like a goody-goody."
29,3,R : You're kidding.
29,4,L : No.
29,5,R : Well what would they have called me if they thought I looked like a sl*t?
29,6,"L : Well, they might have added a Magdalene to it."
29,7,R : Wow. Biblical insults. This is an advanced school.
29,8,"(they laugh, Lorelai turns over the engine)"
29,9,(scene changes)
29,10,"(it's night, the town is lit up by lights along the streets. Lorelai, Rory, and Lane are all walking with"
29,11,food in hand.)
29,12,"Lane : It was so weird not having you in school today. I mean, I finally noticed some of the other"
29,13,"kids. Let me say, they are a sad lot."
29,14,"R : Yeah, well add a couple plaid skirts, and you got the Chilton freaks."
29,15,Lane : I totally miss you.
29,16,R : I miss you.
29,17,"L : I have an idea. What about, on Tuesdays and Thursdays, when I go into Hartford for my business"
29,18,"class, what if Lane comes along and you guys can shop and study, and join a cult and shave your"
29,19,heads.
29,20,Lane : Really?
29,21,L : All except the shaving your heads part.
29,22,"Lane : Oh, no. What time is  it?"
29,23,R : 6:30
29,24,"Lane : Oh, no. I'm late for dinner."
29,25,"L : Again? Lane, your mother is gonna k*ll me if I keep sending you home fat and happy."
29,26,Lane : I'm sorry. But she found a web site that sells Tofu in bulk.
29,27,"L : Oh, you're kidding, right?"
29,28,"Lane : (shakes her head) Yesterday, she went out and bought a bigger fridge. (takes off her pink"
29,29,"jacket, handing it to Rory, and shaking out her hair.)"
29,30,"L : Boy, honey, your life is scary."
29,31,"Lane : Can I have your crust? (to Rory, pizza crust)"
30,1,R : It's the least I can do.
30,2,Lane : Thanks. Bye.
30,3,R : Bye.
30,4,L : Bye. (watches her leave) A pizza for your thoughts.
30,5,R : I wish I could figure out a way to get Paris off my back.
30,6,"L : Yeah, angry chicks are the worst. When I was in high school I had a Paris."
30,7,R : Yeah?
30,8,L : It was horrible.
30,9,R : How'd you get rid of her?
30,10,L : I got pregnant and dropped out.
30,11,R : What if I just learn to french braid her hair.
30,12,"L : Even better. Sweetie, you can't let those kids get you down. Do you want me to talk to anybody?"
30,13,"A parent, a teacher, a big guy named Moose?"
30,14,R : I'll just figure it out for myself.
30,15,L : Okay. (sees Rory laugh) What?
30,16,R : I was just thinking about the way Paris' face looked when I beat her to that Martin Luther
30,17,question.
30,18,"L : Good, huh?"
30,19,R: 14 shades of purple.
30,20,L : Cool.
30,21,R: Tomorrow I'm sh**ting for 15.
30,22,"L : (they stop in front of Luke's diner) Hey, what do you think of Luke?"
30,23,R : What do you mean?
30,24,"L : I mean, do you think he's cute?"
30,25,"R: Oh, no. No way. You cannot date Luke."
30,26,L : I said nothing about dating Luke.
30,27,"R : If you date him, you'll break up. And we'll never be able to eat there again."
30,28,"L : I repeat, I said nothing about dating Luke."
30,29,"R : Date Al from Pancake World, his food stinks."
31,1,All times are UTC-05:00
31,2,"Page 1 of 1L : I cannot believe what I'm hearing. Al's food does not stink, Al stinks."
31,3,(Luke comes out of the diner and stares after the Gilmores. Then he closes his restaurant and goes
31,4,back inside.)
31,5,The End
31,6,Powered by phpBB Forum Software  phpBB Limited
